frame_idx,cls,track_id,object_detected,source,conf,x1,y1,x2,y2,pose_keypoints,label
0,couch,3,True,detect,0.8841530978679657,20,297,460,680,,couch 3
0,chair,4,True,detect,0.8836996555328369,614,357,686,460,,chair 4
0,couch,5,True,detect,0.8705871403217316,943,308,1365,695,,couch 5
0,chair,6,True,detect,0.5509715974330902,694,355,795,461,,chair 6
0,potted plant,7,True,detect,0.552491307258606,164,238,237,309,,potted plant 7
1,couch,3,False,detect,0.8838995471596718,20,297,460,680,,couch 3
1,chair,4,False,detect,0.8835354745388031,614,357,686,460,,chair 4
1,couch,5,False,detect,0.8719104006886482,943,308,1365,695,,couch 5
1,chair,6,False,detect,0.5469661727547646,694,355,795,461,,chair 6
1,potted plant,7,False,detect,0.5545530393719673,164,238,237,309,,potted plant 7
2,couch,3,True,detect,0.8841130673885346,20,296,460,680,,couch 3
2,chair,4,True,detect,0.8831240892410278,614,357,686,460,,chair 4
2,couch,5,True,detect,0.8727939426898956,943,308,1365,695,,couch 5
2,chair,6,True,detect,0.5448952376842499,694,355,795,461,,chair 6
2,potted plant,7,True,detect,0.5559911072254181,164,238,237,309,,potted plant 7
3,couch,3,False,detect,0.8844825029373169,20,296,461,681,,couch 3
3,chair,4,False,detect,0.8835290610790253,614,357,686,460,,chair 4
3,couch,5,False,detect,0.8751444578170776,943,308,1365,695,,couch 5
3,chair,6,False,detect,0.5413734436035156,694,355,795,461,,chair 6
3,potted plant,7,False,detect,0.5623794138431549,164,238,237,309,,potted plant 7
4,couch,3,True,detect,0.8861955463886261,20,296,461,681,,couch 3
4,chair,4,True,detect,0.8844201624393463,614,357,686,460,,chair 4
4,couch,5,True,detect,0.8767592489719391,943,308,1365,695,,couch 5
4,chair,6,True,detect,0.5442751944065094,694,355,795,461,,chair 6
4,potted plant,7,True,detect,0.5704088985919953,163,238,237,309,,potted plant 7
5,couch,3,False,detect,0.8883552074432373,20,296,461,682,,couch 3
5,chair,4,False,detect,0.8854009449481964,614,357,686,460,,chair 4
5,couch,5,False,detect,0.8779722392559052,943,308,1365,695,,couch 5
5,chair,6,False,detect,0.55318523645401,694,355,795,461,,chair 6
5,potted plant,7,False,detect,0.5764733910560608,163,238,237,309,,potted plant 7
6,couch,3,True,detect,0.8900273442268372,19,296,460,682,,couch 3
6,chair,4,True,detect,0.8869658172130584,614,357,686,460,,chair 4
6,couch,5,True,detect,0.8796628654003144,943,308,1365,695,,couch 5
6,chair,6,True,detect,0.5642345905303955,694,355,795,461,,chair 6
6,potted plant,7,True,detect,0.5818202197551727,163,238,237,309,,potted plant 7
7,couch,3,False,detect,0.8912906587123871,19,296,460,683,,couch 3
7,chair,4,False,detect,0.888846093416214,614,357,686,460,,chair 4
7,couch,5,False,detect,0.8814668953418732,944,308,1365,695,,couch 5
7,chair,6,False,detect,0.5760645925998688,694,355,795,461,,chair 6
7,potted plant,7,False,detect,0.5878574848175049,163,238,237,309,,potted plant 7
8,couch,3,True,detect,0.8917356848716735,19,296,460,683,,couch 3
8,chair,4,True,detect,0.8900612354278564,614,357,686,460,,chair 4
8,couch,5,True,detect,0.8832406163215637,944,308,1365,695,,couch 5
8,chair,6,True,detect,0.5861206769943237,694,355,796,461,,chair 6
8,potted plant,7,True,detect,0.5916966795921326,163,238,237,309,,potted plant 7
9,couch,3,False,detect,0.8917302429676056,18,296,460,683,,couch 3
9,chair,4,False,detect,0.890724366903305,614,357,686,460,,chair 4
9,couch,5,False,detect,0.8847863137722015,944,308,1365,695,,couch 5
9,chair,6,False,detect,0.5935488939285278,694,355,796,461,,chair 6
9,potted plant,7,False,detect,0.5896713256835937,162,238,237,308,,potted plant 7
10,couch,3,True,detect,0.892171323299408,18,296,459,683,,couch 3
10,chair,4,True,detect,0.8912319362163543,614,357,686,460,,chair 4
10,couch,5,True,detect,0.8857700645923614,944,308,1365,695,,couch 5
10,chair,6,True,detect,0.5987644970417023,694,355,796,461,,chair 6
10,potted plant,7,True,detect,0.5853875935077667,162,238,237,308,,potted plant 7
11,couch,3,False,detect,0.8929764688014984,18,296,459,683,,couch 3
11,chair,4,False,detect,0.8915655732154846,614,357,686,460,,chair 4
11,couch,5,False,detect,0.8865556359291077,944,308,1365,695,,couch 5
11,chair,6,False,detect,0.6011468887329101,694,355,796,461,,chair 6
11,potted plant,7,False,detect,0.5823688089847565,162,238,236,308,,potted plant 7
12,couch,3,True,detect,0.8940669775009156,17,296,459,683,,couch 3
12,chair,4,True,detect,0.8919939637184143,614,357,686,460,,chair 4
12,couch,5,True,detect,0.8875072598457336,944,308,1365,696,,couch 5
12,chair,6,True,detect,0.6020547330379487,694,355,796,461,,chair 6
12,potted plant,7,True,detect,0.5792068719863892,162,237,236,309,,potted plant 7
13,couch,3,False,detect,0.8955666601657868,17,296,459,683,,couch 3
13,chair,4,False,detect,0.8924386739730835,614,357,686,460,,chair 4
13,couch,5,False,detect,0.8884089231491089,944,308,1365,696,,couch 5
13,chair,6,False,detect,0.5977000415325164,694,355,796,461,,chair 6
13,potted plant,7,False,detect,0.5770573377609253,162,237,236,309,,potted plant 7
14,couch,3,True,detect,0.8971076965332031,17,296,458,682,,couch 3
14,chair,4,True,detect,0.892786580324173,614,357,686,460,,chair 4
14,couch,5,True,detect,0.8894583404064178,944,308,1365,696,,couch 5
14,chair,6,True,detect,0.5889367640018464,694,355,796,461,,chair 6
14,potted plant,7,True,detect,0.5795866847038269,162,237,236,309,,potted plant 7
15,couch,3,False,detect,0.898244321346283,16,296,458,682,,couch 3
15,chair,4,False,detect,0.892981082201004,614,357,686,460,,chair 4
15,couch,5,False,detect,0.8905933499336243,944,309,1365,696,,couch 5
15,chair,6,False,detect,0.5795238137245178,694,355,796,461,,chair 6
15,potted plant,7,False,detect,0.5849108099937439,162,237,236,309,,potted plant 7
16,couch,3,True,detect,0.8990589916706085,16,296,458,682,,couch 3
16,chair,4,True,detect,0.8930405497550964,614,357,686,460,,chair 4
16,couch,5,True,detect,0.891450184583664,945,309,1365,696,,couch 5
16,chair,6,True,detect,0.5700817883014679,693,355,796,461,,chair 6
16,potted plant,7,True,detect,0.5895063877105713,162,237,236,309,,potted plant 7
17,couch,3,False,detect,0.9000334501266479,16,296,458,682,,couch 3
17,chair,4,False,detect,0.8928943395614624,614,357,686,460,,chair 4
17,couch,5,False,detect,0.8918652355670929,945,309,1365,697,,couch 5
17,chair,6,False,detect,0.5592566013336182,693,355,796,461,,chair 6
17,potted plant,7,False,detect,0.5915758430957794,162,237,236,309,,potted plant 7
18,couch,3,True,detect,0.9010438859462738,15,296,458,682,,couch 3
18,chair,4,True,detect,0.8926208853721619,614,357,686,460,,chair 4
18,couch,5,True,detect,0.8920545160770417,945,309,1365,697,,couch 5
18,chair,6,True,detect,0.5508362412452698,693,355,796,461,,chair 6
18,potted plant,7,True,detect,0.5899636209011078,162,237,236,309,,potted plant 7
19,couch,3,False,detect,0.9016020596027374,15,296,458,682,,couch 3
19,chair,4,False,detect,0.892250120639801,614,357,686,460,,chair 4
19,couch,5,False,detect,0.891893994808197,945,309,1365,697,,couch 5
19,chair,6,False,detect,0.5464306890964508,693,355,796,461,,chair 6
19,potted plant,7,False,detect,0.586161071062088,162,237,236,309,,potted plant 7
20,couch,3,True,detect,0.9021537363529205,15,296,458,682,,couch 3
20,chair,4,True,detect,0.8918386459350586,614,357,686,460,,chair 4
20,couch,5,True,detect,0.8914458334445954,945,309,1365,697,,couch 5
20,chair,6,True,detect,0.5422810316085815,693,355,796,461,,chair 6
20,potted plant,7,True,detect,0.5820522964000702,162,237,236,309,,potted plant 7
21,couch,3,False,detect,0.9029021918773651,15,296,458,682,,couch 3
21,chair,4,False,detect,0.8912103235721588,614,357,686,460,,chair 4
21,couch,5,False,detect,0.8912115931510926,945,309,1365,697,,couch 5
21,chair,6,False,detect,0.5406240264574687,693,355,796,461,,chair 6
21,potted plant,7,False,detect,0.5789952397346496,162,237,236,309,,potted plant 7
22,couch,3,True,detect,0.903365683555603,14,296,458,682,,couch 3
22,chair,4,True,detect,0.8904357969760894,614,357,686,460,,chair 4
22,couch,5,True,detect,0.8913548827171326,945,309,1365,697,,couch 5
22,chair,6,True,detect,0.5428137600421905,693,355,796,461,,chair 6
22,potted plant,7,True,detect,0.5787874758243561,162,237,236,309,,potted plant 7
23,couch,3,False,detect,0.903196781873703,14,296,458,683,,couch 3
23,chair,4,False,detect,0.8898356914520263,614,357,686,460,,chair 4
23,couch,5,False,detect,0.8909105002880097,945,309,1365,697,,couch 5
23,chair,6,False,detect,0.5488502323627472,693,355,796,461,,chair 6
23,potted plant,7,False,detect,0.5816182076931,162,237,236,309,,potted plant 7
24,couch,3,True,detect,0.9028837263584137,13,296,458,683,,couch 3
24,chair,4,True,detect,0.8893800735473633,614,357,686,461,,chair 4
24,couch,5,True,detect,0.8900024771690369,945,309,1365,697,,couch 5
24,chair,6,False,detect,0.5571234623591106,693,355,796,461,,chair 6
24,potted plant,7,True,detect,0.5859960854053498,162,237,236,309,,potted plant 7
25,couch,3,False,detect,0.9022247612476348,13,296,458,684,,couch 3
25,chair,4,False,detect,0.8889101624488831,614,357,686,461,,chair 4
25,couch,5,False,detect,0.8893769979476929,945,309,1365,698,,couch 5
25,chair,6,False,detect,0.5676334500312805,693,355,796,461,,chair 6
25,potted plant,7,False,detect,0.5902968406677246,162,237,235,309,,potted plant 7
26,couch,3,True,detect,0.9010166108608246,12,296,458,684,,couch 3
26,chair,4,True,detect,0.8886020958423615,614,357,686,461,,chair 4
26,couch,5,True,detect,0.8885325014591217,945,309,1365,698,,couch 5
26,chair,6,False,detect,0.5781434377034504,693,355,796,462,,chair 6
26,potted plant,7,True,detect,0.5931625306606293,162,237,235,310,,potted plant 7
27,couch,3,False,detect,0.8994899034500122,12,295,458,684,,couch 3
27,chair,4,False,detect,0.8880090892314911,614,357,686,461,,chair 4
27,couch,5,False,detect,0.8872728705406189,945,309,1365,698,,couch 5
27,chair,6,False,detect,0.5797851622104645,693,355,796,462,,chair 6
27,potted plant,7,False,detect,0.5948679566383361,162,237,235,310,,potted plant 7
28,couch,3,True,detect,0.897992068529129,12,295,458,684,,couch 3
28,chair,4,True,detect,0.8868105173110962,614,357,686,461,,chair 4
28,couch,5,True,detect,0.8865633070468902,945,309,1365,698,,couch 5
28,chair,6,True,detect,0.5725586235523223,693,355,796,462,,chair 6
28,potted plant,7,True,detect,0.5952239155769348,162,236,235,310,,potted plant 7
29,couch,3,False,detect,0.8969853699207306,11,295,458,684,,couch 3
29,chair,4,False,detect,0.8856308281421661,614,357,686,461,,chair 4
29,couch,5,False,detect,0.8864010274410248,945,309,1365,698,,couch 5
29,chair,6,False,detect,0.5720043440659841,693,355,796,462,,chair 6
29,potted plant,7,False,detect,0.5934327721595765,161,236,235,311,,potted plant 7
30,couch,3,True,detect,0.8966715633869171,11,295,458,683,,couch 3
30,chair,4,True,detect,0.8846288025379181,614,357,686,461,,chair 4
30,couch,5,True,detect,0.8860398471355438,945,309,1365,698,,couch 5
30,chair,6,True,detect,0.5781223237514496,693,355,796,462,,chair 6
30,potted plant,7,True,detect,0.5911187946796417,161,236,235,311,,potted plant 7
31,couch,3,False,detect,0.8966383397579193,10,295,457,683,,couch 3
31,chair,4,False,detect,0.8837923586368561,614,357,686,461,,chair 4
31,couch,5,False,detect,0.8855011284351348,945,309,1365,698,,couch 5
31,chair,6,False,detect,0.5817078113555908,693,355,796,462,,chair 6
31,potted plant,7,False,detect,0.5870631158351898,161,236,235,311,,potted plant 7
32,couch,3,True,detect,0.8966550707817078,10,295,457,682,,couch 3
32,chair,4,True,detect,0.8835682809352875,614,357,686,461,,chair 4
32,couch,5,True,detect,0.8849809885025024,946,309,1365,699,,couch 5
32,chair,6,True,detect,0.5916290700435638,693,355,796,462,,chair 6
32,potted plant,7,True,detect,0.5809909343719483,161,236,235,311,,potted plant 7
33,couch,3,False,detect,0.8970087826251983,9,295,457,682,,couch 3
33,chair,4,False,detect,0.8839633941650391,614,357,686,461,,chair 4
33,couch,5,False,detect,0.8845022737979888,946,309,1365,699,,couch 5
33,chair,6,False,detect,0.5995151340961457,693,355,796,462,,chair 6
33,potted plant,7,False,detect,0.5745009362697602,161,236,235,312,,potted plant 7
34,couch,3,True,detect,0.8972372114658356,8,295,456,682,,couch 3
34,chair,4,True,detect,0.8843532502651215,614,357,686,461,,chair 4
34,couch,5,True,detect,0.8840677678585053,946,309,1365,699,,couch 5
34,chair,6,True,detect,0.5898254811763763,693,355,796,462,,chair 6
34,potted plant,7,True,detect,0.5683907568454742,161,236,234,312,,potted plant 7
35,couch,3,False,detect,0.8971050202846527,8,295,456,683,,couch 3
35,chair,4,False,detect,0.8848982274532318,614,357,686,461,,chair 4
35,couch,5,False,detect,0.8832809269428253,946,309,1365,699,,couch 5
35,chair,6,False,detect,0.5711975529789924,693,355,797,462,,chair 6
35,potted plant,7,False,detect,0.5646592855453492,161,236,234,312,,potted plant 7
36,couch,3,True,detect,0.897024518251419,7,295,456,683,,couch 3
36,chair,4,True,detect,0.8856104075908661,614,357,686,461,,chair 4
36,couch,5,True,detect,0.8821203887462616,946,309,1365,699,,couch 5
36,chair,6,True,detect,0.5528361007571221,693,355,797,462,,chair 6
36,potted plant,7,True,detect,0.5645253896713257,160,236,234,312,,potted plant 7
37,couch,3,False,detect,0.8972660660743713,6,295,456,684,,couch 3
37,chair,4,False,detect,0.8861945927143097,614,357,686,461,,chair 4
37,couch,5,False,detect,0.8810083270072937,946,309,1365,699,,couch 5
37,chair,6,False,detect,0.534741124510765,693,355,798,462,,chair 6
37,potted plant,7,False,detect,0.5666808724403382,160,236,234,313,,potted plant 7
38,couch,3,True,detect,0.8975426375865936,5,295,456,684,,couch 3
38,chair,4,True,detect,0.8866439580917358,614,357,686,461,,chair 4
38,couch,5,True,detect,0.8799218952655792,946,309,1365,699,,couch 5
38,chair,6,False,detect,0.5252835899591446,693,355,798,462,,chair 6
38,potted plant,7,True,detect,0.5695270478725434,160,236,234,313,,potted plant 7
39,couch,3,False,detect,0.8976970314979553,5,295,456,685,,couch 3
39,chair,4,False,detect,0.8872507750988007,614,357,686,461,,chair 4
39,couch,5,False,detect,0.8782868027687073,946,309,1365,699,,couch 5
39,chair,6,False,detect,0.5244634971022606,693,355,797,462,,chair 6
39,potted plant,7,False,detect,0.5737232804298401,160,236,234,313,,potted plant 7
40,couch,3,True,detect,0.8979645848274231,4,295,456,685,,couch 3
40,chair,4,True,detect,0.887854665517807,614,357,686,461,,chair 4
40,couch,5,True,detect,0.876499593257904,946,309,1365,699,,couch 5
40,chair,6,False,detect,0.5236434042453766,693,355,797,462,,chair 6
40,potted plant,7,True,detect,0.5772706806659699,160,236,234,313,,potted plant 7
41,couch,3,False,detect,0.8985205829143524,4,295,456,685,,couch 3
41,chair,4,False,detect,0.8884060740470886,614,357,686,461,,chair 4
41,couch,5,False,detect,0.8749142229557038,946,309,1365,699,,couch 5
41,chair,6,False,detect,0.5228233113884926,693,355,797,462,,chair 6
41,potted plant,7,False,detect,0.5815212249755859,160,236,234,313,,potted plant 7
42,couch,3,True,detect,0.8990946650505066,3,295,455,685,,couch 3
42,chair,4,True,detect,0.8892001986503602,614,357,686,461,,chair 4
42,couch,5,True,detect,0.8731085181236267,947,309,1365,699,,couch 5
42,chair,6,False,detect,0.5220032185316086,693,355,796,462,,chair 6
42,potted plant,7,True,detect,0.5877831101417541,159,236,234,313,,potted plant 7
43,couch,3,False,detect,0.8998189628124237,3,295,455,685,,couch 3
43,chair,4,False,detect,0.8902447998523713,614,357,686,461,,chair 4
43,couch,5,False,detect,0.8711829900741577,947,309,1365,699,,couch 5
43,chair,6,False,detect,0.5234240919351578,693,355,796,462,,chair 6
43,potted plant,7,False,detect,0.5937840223312378,159,236,234,313,,potted plant 7
44,couch,3,True,detect,0.9008506774902344,2,295,455,685,,couch 3
44,chair,4,True,detect,0.8912476062774658,614,357,686,461,,chair 4
44,couch,5,True,detect,0.8697119295597077,947,309,1365,699,,couch 5
44,chair,6,True,detect,0.5270859315991402,693,355,796,462,,chair 6
44,potted plant,7,True,detect,0.598864597082138,159,236,233,313,,potted plant 7
45,couch,3,False,detect,0.9017140984535217,2,295,455,685,,couch 3
45,chair,4,False,detect,0.891934847831726,614,357,686,461,,chair 4
45,couch,5,False,detect,0.8694832801818848,947,309,1365,699,,couch 5
45,chair,6,False,detect,0.5304406926035881,693,355,796,462,,chair 6
45,potted plant,7,False,detect,0.6029619157314301,159,236,233,313,,potted plant 7
46,couch,3,True,detect,0.9022339403629303,1,295,454,685,,couch 3
46,chair,4,True,detect,0.8923560798168182,614,357,686,461,,chair 4
46,couch,5,True,detect,0.8701430857181549,947,309,1365,699,,couch 5
46,chair,6,True,detect,0.5334883749485015,693,355,796,462,,chair 6
46,potted plant,7,True,detect,0.6047240018844604,158,236,233,313,,potted plant 7
47,couch,3,False,detect,0.9030441164970398,1,295,454,685,,couch 3
47,chair,4,False,detect,0.8925908088684082,614,357,686,461,,chair 4
47,couch,5,False,detect,0.8712286233901978,947,309,1364,699,,couch 5
47,chair,6,False,detect,0.5364457070827484,693,355,796,462,,chair 6
47,potted plant,7,False,detect,0.6016923606395721,158,236,233,313,,potted plant 7
48,couch,3,True,detect,0.9040124952793122,1,295,454,685,,couch 3
48,chair,4,True,detect,0.8926312744617462,614,357,686,461,,chair 4
48,couch,5,True,detect,0.8726393818855286,947,309,1364,699,,couch 5
48,chair,6,True,detect,0.5370717227458954,693,355,796,462,,chair 6
48,potted plant,7,True,detect,0.5961393058300019,158,236,233,313,,potted plant 7
49,couch,3,False,detect,0.9048380434513092,1,295,454,685,,couch 3
49,chair,4,False,detect,0.8925574421882629,614,357,686,461,,chair 4
49,couch,5,False,detect,0.8745467782020568,947,309,1364,700,,couch 5
49,chair,6,False,detect,0.5353664219379425,693,355,796,462,,chair 6
49,potted plant,7,False,detect,0.5888463735580445,158,236,233,313,,potted plant 7
50,couch,3,True,detect,0.9059964716434479,1,294,454,685,,couch 3
50,chair,4,True,detect,0.8926430821418763,614,357,686,461,,chair 4
50,couch,5,True,detect,0.8761628687381744,947,309,1365,700,,couch 5
50,chair,6,False,detect,0.5338778495788574,693,355,796,462,,chair 6
50,potted plant,7,True,detect,0.5798764824867249,158,236,233,312,,potted plant 7
51,couch,3,False,detect,0.9072210133075714,1,294,454,686,,couch 3
51,chair,4,False,detect,0.8928205609321594,614,357,686,461,,chair 4
51,couch,5,False,detect,0.8770823121070862,948,309,1365,700,,couch 5
51,chair,6,False,detect,0.5326060056686401,693,355,796,462,,chair 6
51,potted plant,7,False,detect,0.5713564038276673,157,236,232,312,,potted plant 7
52,couch,3,True,detect,0.9078777551651,1,294,453,686,,couch 3
52,chair,4,True,detect,0.8930103719234467,614,357,686,461,,chair 4
52,couch,5,True,detect,0.8777678310871124,948,309,1365,700,,couch 5
52,chair,6,False,detect,0.5313341617584229,693,355,796,462,,chair 6
52,potted plant,7,True,detect,0.5657446324825287,157,236,232,312,,potted plant 7
53,couch,3,False,detect,0.908385944366455,1,294,453,686,,couch 3
53,chair,4,False,detect,0.8930859923362732,614,357,686,461,,chair 4
53,couch,5,False,detect,0.8779444754123688,948,309,1365,700,,couch 5
53,chair,6,False,detect,0.5300623178482056,693,355,796,462,,chair 6
53,potted plant,7,False,detect,0.5630561470985412,157,235,232,311,,potted plant 7
54,couch,3,True,detect,0.9090466141700745,0,294,453,687,,couch 3
54,chair,4,True,detect,0.8929674565792084,613,357,686,461,,chair 4
54,couch,5,True,detect,0.8774408280849457,948,309,1365,700,,couch 5
54,chair,6,False,detect,0.5287904739379883,693,355,796,462,,chair 6
54,potted plant,7,True,detect,0.5625094115734101,157,235,232,311,,potted plant 7
55,couch,3,False,detect,0.9095662415027619,0,294,453,687,,couch 3
55,chair,4,False,detect,0.8928333044052124,613,357,686,461,,chair 4
55,couch,5,False,detect,0.8764180123806,948,309,1365,700,,couch 5
55,chair,6,False,detect,0.527518630027771,693,355,796,462,,chair 6
55,potted plant,7,False,detect,0.5646568417549134,157,235,232,311,,potted plant 7
56,couch,3,True,detect,0.910211592912674,0,294,454,688,,couch 3
56,chair,4,True,detect,0.8927511692047119,613,357,686,461,,chair 4
56,couch,5,True,detect,0.8752813696861267,948,309,1365,701,,couch 5
56,chair,6,False,detect,0.5262467861175537,693,355,796,462,,chair 6
56,potted plant,7,True,detect,0.567371666431427,157,235,232,311,,potted plant 7
57,couch,3,False,detect,0.9108700513839721,0,294,454,688,,couch 3
57,chair,4,False,detect,0.8926368296146393,613,357,686,461,,chair 4
57,couch,5,False,detect,0.8733525753021241,948,309,1365,701,,couch 5
57,chair,6,False,detect,0.5249749422073364,693,355,796,462,,chair 6
57,potted plant,7,False,detect,0.5715440392494202,157,235,232,311,,potted plant 7
58,couch,3,True,detect,0.9111223697662354,0,294,454,688,,couch 3
58,chair,4,True,detect,0.8926168084144592,613,357,686,461,,chair 4
58,couch,5,True,detect,0.8709065794944764,948,309,1365,701,,couch 5
58,chair,6,False,detect,0.5237030982971191,693,355,796,462,,chair 6
58,potted plant,7,True,detect,0.5771589815616608,156,235,232,312,,potted plant 7
59,couch,3,False,detect,0.9111049711704254,0,294,453,688,,couch 3
59,chair,4,False,detect,0.893139511346817,613,357,686,461,,chair 4
59,couch,5,False,detect,0.8678191542625427,948,309,1364,701,,couch 5
59,chair,6,False,detect,0.5224312543869019,693,355,796,463,,chair 6
59,potted plant,7,False,detect,0.5810197651386261,156,235,231,312,,potted plant 7
60,couch,3,True,detect,0.9111113786697388,0,294,453,688,,couch 3
60,chair,4,True,detect,0.8940263986587524,613,357,686,461,,chair 4
60,couch,5,True,detect,0.8639291763305664,949,309,1364,701,,couch 5
60,chair,6,False,detect,0.5211594104766846,693,355,796,463,,chair 6
60,potted plant,7,True,detect,0.5825739741325379,156,235,231,312,,potted plant 7
61,couch,3,False,detect,0.9109733462333679,0,294,453,688,,couch 3
61,chair,4,False,detect,0.8941272258758545,613,357,686,461,,chair 4
61,couch,5,False,detect,0.8597215175628662,949,309,1364,701,,couch 5
61,chair,6,False,detect,0.5198875665664673,693,355,796,463,,chair 6
61,potted plant,7,False,detect,0.5822847723960877,156,235,231,312,,potted plant 7
62,couch,3,True,detect,0.9108034908771515,0,294,453,689,,couch 3
62,chair,4,True,detect,0.8935262143611908,613,357,686,461,,chair 4
62,couch,5,True,detect,0.855874502658844,949,309,1364,701,,couch 5
62,chair,6,False,detect,0.51861572265625,693,355,796,463,,chair 6
62,potted plant,7,True,detect,0.5792620062828064,156,235,231,312,,potted plant 7
63,couch,3,False,detect,0.9109846532344819,0,294,453,690,,couch 3
63,chair,4,False,detect,0.8779971837997437,613,357,686,461,,chair 4
63,couch,5,False,detect,0.8506287932395935,949,309,1364,701,,couch 5
63,chair,6,False,detect,0.5173438787460327,693,355,796,463,,chair 6
63,potted plant,7,False,detect,0.575698333978653,155,235,231,312,,potted plant 7
64,couch,3,True,detect,0.911380410194397,1,294,452,690,,couch 3
64,chair,4,True,detect,0.8470917284488678,613,357,686,461,,chair 4
64,couch,5,True,detect,0.8441086173057556,949,309,1365,701,,couch 5
64,chair,6,False,detect,0.5160720348358154,693,355,796,463,,chair 6
64,potted plant,7,True,detect,0.57479048371315,155,235,231,312,,potted plant 7
65,couch,3,False,detect,0.9114792585372925,1,294,452,691,,couch 3
65,chair,4,False,detect,0.8253226637840271,613,357,686,461,,chair 4
65,couch,5,False,detect,0.840151596069336,949,309,1365,701,,couch 5
65,chair,6,False,detect,0.5152556115930731,693,355,796,463,,chair 6
65,potted plant,7,False,detect,0.5719386756420135,155,235,231,312,,potted plant 7
66,couch,3,True,detect,0.9114494442939758,1,294,452,691,,couch 3
66,chair,4,True,detect,0.8138402342796326,613,356,686,461,,chair 4
66,couch,5,True,detect,0.8382728576660157,949,309,1365,701,,couch 5
66,chair,6,True,detect,0.5148946090178056,693,355,796,463,,chair 6
66,potted plant,7,True,detect,0.5666797459125519,155,235,231,312,,potted plant 7
67,couch,3,False,detect,0.9116695106029511,1,293,452,691,,couch 3
67,chair,4,False,detect,0.798523223400116,613,356,686,461,,chair 4
67,couch,5,False,detect,0.838779354095459,949,309,1365,701,,couch 5
67,chair,6,False,detect,0.514989027110013,693,355,796,463,,chair 6
67,potted plant,7,False,detect,0.5642566442489624,154,235,230,312,,potted plant 7
68,couch,3,True,detect,0.9117566168308258,1,293,451,692,,couch 3
68,chair,4,True,detect,0.793597811460495,613,356,686,461,,chair 4
68,couch,5,True,detect,0.8434304237365723,949,309,1365,701,,couch 5
68,chair,6,False,detect,0.5155388658696956,693,355,796,463,,chair 6
68,potted plant,7,True,detect,0.5624767124652863,154,235,230,312,,potted plant 7
69,couch,3,False,detect,0.9112809777259827,1,293,451,692,,couch 3
69,chair,4,False,detect,0.8109875023365021,613,356,686,461,,chair 4
69,couch,5,False,detect,0.8501479923725128,949,309,1365,702,,couch 5
69,chair,6,False,detect,0.5165441252968528,693,355,796,463,,chair 6
69,potted plant,7,False,detect,0.5622234761714935,154,235,230,312,,potted plant 7
70,couch,3,True,detect,0.9107540965080261,1,293,451,691,,couch 3
70,chair,4,True,detect,0.8261794805526733,613,356,686,461,,chair 4
70,couch,5,True,detect,0.855094438791275,949,309,1365,702,,couch 5
70,chair,6,False,detect,0.5175493847240101,693,355,796,463,,chair 6
70,potted plant,7,True,detect,0.5680967152118683,154,235,230,312,,potted plant 7
71,couch,3,False,detect,0.9103224635124206,1,293,451,691,,couch 3
71,chair,4,False,detect,0.8312349140644073,613,356,686,461,,chair 4
71,couch,5,False,detect,0.8581156671047211,950,309,1365,702,,couch 5
71,chair,6,False,detect,0.5185546441511675,693,355,796,463,,chair 6
71,potted plant,7,False,detect,0.5788307070732117,153,235,229,313,,potted plant 7
72,couch,3,True,detect,0.9096075356006622,1,293,451,691,,couch 3
72,chair,4,True,detect,0.8402750194072723,613,356,686,461,,chair 4
72,couch,5,True,detect,0.8589047253131866,950,309,1365,702,,couch 5
72,chair,6,False,detect,0.5195599035783248,693,355,796,463,,chair 6
72,potted plant,7,True,detect,0.5891825020313263,153,235,229,313,,potted plant 7
73,couch,3,False,detect,0.908594298362732,1,293,450,691,,couch 3
73,chair,4,False,detect,0.8235919237136841,613,356,686,461,,chair 4
73,couch,5,False,detect,0.8579799473285675,950,309,1365,702,,couch 5
73,chair,6,False,detect,0.5205651630054821,693,355,796,463,,chair 6
73,potted plant,7,False,detect,0.596904045343399,153,235,229,313,,potted plant 7
74,couch,3,True,detect,0.9077125370502472,1,293,450,691,,couch 3
74,chair,4,True,detect,0.7692621231079102,613,356,686,461,,chair 4
74,couch,5,True,detect,0.8574194073677063,950,309,1365,702,,couch 5
74,chair,6,False,detect,0.5215704224326394,693,355,796,463,,chair 6
74,potted plant,7,True,detect,0.6011118113994598,153,235,229,313,,potted plant 7
75,couch,3,False,detect,0.9068083226680755,1,292,450,691,,couch 3
75,chair,4,False,detect,0.7409655690193176,613,356,686,461,,chair 4
75,couch,5,False,detect,0.8533864676952362,950,309,1365,702,,couch 5
75,chair,6,False,detect,0.5225756818597966,693,355,796,463,,chair 6
75,potted plant,7,False,detect,0.6018560290336609,153,235,228,313,,potted plant 7
76,couch,3,True,detect,0.9057351648807526,1,292,450,691,,couch 3
76,chair,4,True,detect,0.746641093492508,613,356,686,461,,chair 4
76,couch,5,True,detect,0.846035224199295,950,309,1365,702,,couch 5
76,chair,6,False,detect,0.523580941286954,693,355,796,463,,chair 6
76,potted plant,7,True,detect,0.600402420759201,153,234,228,313,,potted plant 7
77,couch,3,False,detect,0.904936796426773,1,292,449,691,,couch 3
77,chair,4,False,detect,0.7529036045074463,613,356,686,461,,chair 4
77,couch,5,False,detect,0.8368882715702057,950,309,1365,702,,couch 5
77,chair,6,False,detect,0.5245862007141113,693,355,796,463,,chair 6
77,potted plant,7,False,detect,0.5974539816379547,152,234,228,313,,potted plant 7
78,couch,3,True,detect,0.904428231716156,1,292,449,691,,couch 3
78,chair,4,True,detect,0.789460974931717,613,356,686,462,,chair 4
78,couch,5,True,detect,0.8254272758960723,950,309,1365,703,,couch 5
78,chair,6,False,detect,0.5255914601412687,693,355,796,463,,chair 6
78,potted plant,7,True,detect,0.595258766412735,152,234,228,313,,potted plant 7
79,couch,3,False,detect,0.9033185184001923,1,292,449,691,,couch 3
79,chair,4,False,detect,0.8564082682132721,613,356,686,462,,chair 4
79,couch,5,False,detect,0.8128640174865722,950,310,1365,703,,couch 5
79,chair,6,False,detect,0.526596719568426,693,355,796,463,,chair 6
79,potted plant,7,False,detect,0.5944781064987182,152,234,228,313,,potted plant 7
80,couch,3,True,detect,0.9017615854740143,1,292,449,691,,couch 3
80,chair,4,True,detect,0.8900655329227447,613,356,686,462,,chair 4
80,couch,5,True,detect,0.8030351340770722,950,310,1365,703,,couch 5
80,chair,6,False,detect,0.5276019789955833,693,355,796,463,,chair 6
80,potted plant,7,True,detect,0.5950617730617523,152,234,227,313,,potted plant 7
81,couch,3,False,detect,0.900023078918457,1,292,448,691,,couch 3
81,chair,4,False,detect,0.890938651561737,613,356,686,462,,chair 4
81,couch,5,False,detect,0.7961324632167817,950,310,1365,702,,couch 5
81,chair,6,False,detect,0.5286072384227406,693,355,796,463,,chair 6
81,potted plant,7,False,detect,0.5926671862602234,152,234,227,313,,potted plant 7
82,couch,3,True,detect,0.8976592659950257,1,292,448,692,,couch 3
82,chair,4,True,detect,0.8924127161502838,613,356,686,462,,chair 4
82,couch,5,True,detect,0.7906334102153778,951,310,1365,702,,couch 5
82,chair,6,False,detect,0.529612497849898,693,355,796,463,,chair 6
82,potted plant,7,True,detect,0.5865913510322571,151,234,227,313,,potted plant 7
83,couch,3,False,detect,0.8953431904315948,1,292,448,692,,couch 3
83,chair,4,False,detect,0.8936589658260345,613,356,686,462,,chair 4
83,couch,5,False,detect,0.78718581199646,951,310,1365,702,,couch 5
83,chair,6,False,detect,0.5306177572770553,693,355,796,463,,chair 6
83,potted plant,7,False,detect,0.5773359715938569,151,234,227,313,,potted plant 7
84,couch,3,True,detect,0.8939658045768738,1,292,448,693,,couch 3
84,chair,4,True,detect,0.894582337141037,613,356,686,462,,chair 4
84,couch,5,True,detect,0.7845778882503509,951,310,1365,702,,couch 5
84,chair,6,False,detect,0.5316230167042125,693,355,796,463,,chair 6
84,potted plant,7,True,detect,0.5642397165298462,151,234,226,313,,potted plant 7
85,couch,3,False,detect,0.8934596061706543,1,292,448,694,,couch 3
85,chair,4,False,detect,0.8956075966358185,613,356,686,462,,chair 4
85,couch,5,False,detect,0.7900749444961548,951,310,1365,702,,couch 5
85,chair,6,False,detect,0.5326282761313699,693,355,796,463,,chair 6
85,potted plant,7,False,detect,0.550067013502121,151,234,226,313,,potted plant 7
86,couch,3,True,detect,0.8935589492321014,1,292,448,694,,couch 3
86,chair,4,True,detect,0.8962288618087768,613,356,686,462,,chair 4
86,couch,5,True,detect,0.8034851431846619,951,310,1365,702,,couch 5
86,chair,6,False,detect,0.5336335355585271,693,355,796,463,,chair 6
86,potted plant,7,True,detect,0.5391604423522949,151,234,226,313,,potted plant 7
87,couch,3,False,detect,0.8941731691360474,1,292,448,695,,couch 3
87,chair,4,False,detect,0.8962004065513611,613,356,686,462,,chair 4
87,couch,5,False,detect,0.8194236099720001,951,310,1365,702,,couch 5
87,chair,6,False,detect,0.5334870490160856,693,355,796,463,,chair 6
87,potted plant,7,False,detect,0.5334122717380524,151,234,226,313,,potted plant 7
88,couch,3,True,detect,0.8946292221546173,1,292,448,695,,couch 3
88,chair,4,True,detect,0.8963509917259216,613,356,686,462,,chair 4
88,couch,5,True,detect,0.8372425079345703,952,310,1365,702,,couch 5
88,chair,6,True,detect,0.532188816504045,693,355,796,463,,chair 6
88,potted plant,7,True,detect,0.5323207974433899,151,234,226,313,,potted plant 7
89,couch,3,False,detect,0.8945682406425476,1,292,448,696,,couch 3
89,chair,4,False,detect,0.8968272507190704,613,356,686,462,,chair 4
89,couch,5,False,detect,0.8552468061447144,952,310,1365,703,,couch 5
89,chair,6,False,detect,0.5309409027749842,693,355,796,463,,chair 6
89,potted plant,7,False,detect,0.5384250223636627,151,234,226,313,,potted plant 7
90,couch,3,True,detect,0.8940577268600464,1,292,448,696,,couch 3
90,chair,4,True,detect,0.8972044169902802,613,356,686,462,,chair 4
90,couch,5,True,detect,0.8661711990833283,952,310,1365,703,,couch 5
90,chair,6,True,detect,0.5297433078289032,693,355,796,464,,chair 6
90,potted plant,7,True,detect,0.548960518836975,151,234,225,312,,potted plant 7
91,couch,3,False,detect,0.8934178173542022,1,292,447,696,,couch 3
91,chair,4,False,detect,0.8975207090377808,613,356,686,462,,chair 4
91,couch,5,False,detect,0.8704416871070861,952,310,1365,703,,couch 5
91,chair,6,False,detect,0.5289040763127176,693,355,796,464,,chair 6
91,potted plant,7,False,detect,0.5575026750564576,150,234,225,312,,potted plant 7
92,couch,3,True,detect,0.8927391767501831,1,292,447,696,,couch 3
92,chair,4,True,detect,0.8980218529701233,613,356,686,462,,chair 4
92,couch,5,True,detect,0.8734431445598603,953,310,1365,703,,couch 5
92,chair,6,True,detect,0.5295749541960264,693,355,796,464,,chair 6
92,potted plant,7,True,detect,0.5621592223644256,150,234,225,312,,potted plant 7
93,couch,3,False,detect,0.8918260753154754,1,291,447,696,,couch 3
93,chair,4,False,detect,0.8985572814941406,613,356,686,462,,chair 4
93,couch,5,False,detect,0.8747585415840149,953,310,1365,703,,couch 5
93,chair,6,False,detect,0.5317559414788297,693,355,796,464,,chair 6
93,potted plant,7,False,detect,0.5643262982368469,150,234,225,311,,potted plant 7
94,couch,3,True,detect,0.891037380695343,1,291,447,696,,couch 3
94,chair,4,True,detect,0.8989803612232208,613,356,686,462,,chair 4
94,couch,5,True,detect,0.8760829091072082,953,310,1365,702,,couch 5
94,chair,6,False,detect,0.5342449734085484,693,355,796,464,,chair 6
94,potted plant,7,True,detect,0.5614648997783661,150,234,224,311,,potted plant 7
95,couch,3,False,detect,0.8913786113262177,1,291,447,697,,couch 3
95,chair,4,False,detect,0.8990989685058594,613,356,686,462,,chair 4
95,couch,5,False,detect,0.8769692063331604,954,311,1365,702,,couch 5
95,chair,6,False,detect,0.5370420499851829,693,355,797,464,,chair 6
95,potted plant,7,False,detect,0.5528496086597443,149,234,224,311,,potted plant 7
96,couch,3,True,detect,0.8925296306610108,1,291,446,698,,couch 3
96,chair,4,True,detect,0.8988748848438263,613,356,686,462,,chair 4
96,couch,5,True,detect,0.8769914329051971,954,311,1365,702,,couch 5
96,chair,6,False,detect,0.5398391265618173,693,355,797,464,,chair 6
96,potted plant,7,True,detect,0.544905036687851,149,233,224,312,,potted plant 7
97,couch,3,False,detect,0.8930675983428955,1,291,446,698,,couch 3
97,chair,4,False,detect,0.8981944382190704,613,356,686,462,,chair 4
97,couch,5,False,detect,0.8756405055522919,954,311,1365,702,,couch 5
97,chair,6,False,detect,0.5426362031384517,693,355,797,464,,chair 6
97,potted plant,7,False,detect,0.5490771949291229,149,233,224,312,,potted plant 7
98,couch,3,True,detect,0.8931882441043854,1,291,446,699,,couch 3
98,chair,4,True,detect,0.8972081959247589,613,356,686,462,,chair 4
98,couch,5,True,detect,0.8733334541320801,954,311,1365,703,,couch 5
98,chair,6,False,detect,0.5454332797150863,693,355,797,464,,chair 6
98,potted plant,7,True,detect,0.5639699459075928,149,233,224,312,,potted plant 7
99,couch,3,False,detect,0.8934317231178284,1,291,446,699,,couch 3
99,chair,4,False,detect,0.8966846227645874,613,356,686,463,,chair 4
99,couch,5,False,detect,0.870583438873291,954,311,1365,703,,couch 5
99,chair,6,False,detect,0.5482303562917208,693,355,797,464,,chair 6
99,potted plant,7,False,detect,0.5796351790428161,149,233,224,311,,potted plant 7
100,couch,3,True,detect,0.8927925169467926,1,291,446,699,,couch 3
100,chair,4,True,detect,0.8968158423900604,613,356,686,463,,chair 4
100,couch,5,True,detect,0.8678375005722045,954,311,1365,703,,couch 5
100,chair,6,False,detect,0.5510274328683552,693,355,797,464,,chair 6
100,potted plant,7,True,detect,0.5967983126640319,148,233,223,311,,potted plant 7
101,couch,3,False,detect,0.8556103646755219,1,290,446,699,,couch 3
101,chair,4,False,detect,0.8967687308788299,613,356,686,463,,chair 4
101,couch,5,False,detect,0.8659226417541503,955,311,1365,703,,couch 5
101,chair,6,False,detect,0.5538245094449896,693,355,797,464,,chair 6
101,potted plant,7,False,detect,0.6131940186023712,148,233,223,311,,potted plant 7
102,couch,3,True,detect,0.7833081066608429,1,290,446,699,,couch 3
102,chair,4,True,detect,0.8966569602489471,613,356,686,463,,chair 4
102,couch,5,True,detect,0.865347945690155,955,311,1365,703,,couch 5
102,chair,6,False,detect,0.5566215860216241,693,355,797,464,,chair 6
102,potted plant,7,True,detect,0.6173762857913971,148,233,223,311,,potted plant 7
103,couch,3,False,detect,0.7198560416698456,1,290,446,699,,couch 3
103,chair,4,False,detect,0.8804281651973724,613,356,686,463,,chair 4
103,couch,5,False,detect,0.865619707107544,955,311,1365,703,,couch 5
103,chair,6,False,detect,0.5594186625982586,693,355,797,464,,chair 6
103,potted plant,7,False,detect,0.6158431649208069,148,233,223,311,,potted plant 7
104,couch,3,True,detect,0.6647140145301819,1,290,446,699,,couch 3
104,chair,4,True,detect,0.8473138809204102,613,356,686,463,,chair 4
104,couch,5,True,detect,0.8662247657775879,955,311,1365,703,,couch 5
104,chair,6,False,detect,0.562215739174893,693,355,797,464,,chair 6
104,potted plant,7,True,detect,0.6185427665710449,147,233,223,311,,potted plant 7
105,couch,3,False,detect,0.6354931890964508,1,290,446,699,,couch 3
105,chair,4,False,detect,0.8237790286540985,613,356,686,463,,chair 4
105,couch,5,False,detect,0.8669072806835174,955,311,1365,703,,couch 5
105,chair,6,False,detect,0.5650128157515275,693,355,797,464,,chair 6
105,potted plant,7,False,detect,0.6246839880943298,147,233,223,311,,potted plant 7
106,couch,3,True,detect,0.6678538262844086,1,290,445,699,,couch 3
106,chair,4,True,detect,0.8106567323207855,613,356,686,462,,chair 4
106,couch,5,True,detect,0.866840249300003,955,311,1365,703,,couch 5
106,chair,6,False,detect,0.567809892328162,693,355,797,464,,chair 6
106,potted plant,7,True,detect,0.6365321576595306,147,233,222,311,,potted plant 7
107,couch,3,False,detect,0.7109271347522735,1,290,445,699,,couch 3
107,chair,4,False,detect,0.802435827255249,613,356,686,462,,chair 4
107,couch,5,False,detect,0.8656796634197235,955,311,1365,703,,couch 5
107,chair,6,False,detect,0.5706069689047965,693,355,797,464,,chair 6
107,potted plant,7,False,detect,0.6499163985252381,146,233,222,311,,potted plant 7
108,couch,3,True,detect,0.720742815732956,1,290,445,699,,couch 3
108,chair,4,True,detect,0.8151686787605286,613,356,686,462,,chair 4
108,couch,5,True,detect,0.8639192283153534,955,311,1365,703,,couch 5
108,chair,6,False,detect,0.5734040454814309,693,355,797,464,,chair 6
108,potted plant,7,True,detect,0.6583386600017548,146,233,222,311,,potted plant 7
109,couch,3,False,detect,0.7473380088806152,1,290,445,700,,couch 3
109,chair,4,False,detect,0.8402383327484131,613,356,686,462,,chair 4
109,couch,5,False,detect,0.8623902857303619,955,311,1365,703,,couch 5
109,chair,6,False,detect,0.5762011220580654,693,355,797,464,,chair 6
109,potted plant,7,False,detect,0.6611493468284607,146,233,222,312,,potted plant 7
110,couch,3,True,detect,0.7731015503406524,1,290,445,700,,couch 3
110,chair,4,True,detect,0.8511798679828644,613,356,687,462,,chair 4
110,couch,5,True,detect,0.8613486766815186,955,311,1365,703,,couch 5
110,chair,6,False,detect,0.5789981986346998,693,355,797,464,,chair 6
110,potted plant,7,True,detect,0.6591395616531373,145,233,222,312,,potted plant 7
111,couch,3,False,detect,0.7730386197566986,1,290,445,700,,couch 3
111,chair,4,False,detect,0.8566177725791931,613,356,687,462,,chair 4
111,couch,5,False,detect,0.8608445405960083,955,311,1365,704,,couch 5
111,chair,6,False,detect,0.5817952752113342,693,355,797,464,,chair 6
111,potted plant,7,False,detect,0.6525572538375854,145,232,222,312,,potted plant 7
112,couch,3,True,detect,0.7980180084705353,1,290,445,700,,couch 3
112,chair,4,True,detect,0.8620632112026214,613,356,687,462,,chair 4
112,couch,5,True,detect,0.8612218856811523,956,311,1365,704,,couch 5
112,chair,6,False,detect,0.5845923517879686,693,355,797,464,,chair 6
112,potted plant,7,True,detect,0.6455733001232147,145,232,222,312,,potted plant 7
113,couch,3,False,detect,0.8482204616069794,0,290,445,700,,couch 3
113,chair,4,False,detect,0.8358251869678497,613,356,687,462,,chair 4
113,couch,5,False,detect,0.8628919899463654,956,311,1365,704,,couch 5
113,chair,6,False,detect,0.5873894283646031,693,355,797,464,,chair 6
113,potted plant,7,False,detect,0.6361263751983642,145,232,222,312,,potted plant 7
114,couch,3,True,detect,0.8736088395118713,0,290,444,699,,couch 3
114,chair,4,True,detect,0.786520653963089,613,356,687,463,,chair 4
114,couch,5,True,detect,0.8650235116481781,956,311,1365,704,,couch 5
114,chair,6,False,detect,0.5901865049412376,693,354,797,464,,chair 6
114,potted plant,7,True,detect,0.6248660743236542,145,232,221,312,,potted plant 7
115,couch,3,False,detect,0.8736303806304931,0,290,444,699,,couch 3
115,chair,4,False,detect,0.7678436934947968,613,356,687,463,,chair 4
115,couch,5,False,detect,0.8667208552360535,956,311,1365,705,,couch 5
115,chair,6,False,detect,0.592983581517872,693,354,797,464,,chair 6
115,potted plant,7,False,detect,0.6184484601020813,145,232,221,313,,potted plant 7
116,couch,3,True,detect,0.8732799053192138,0,290,444,699,,couch 3
116,chair,4,True,detect,0.7711698174476623,613,356,686,463,,chair 4
116,couch,5,True,detect,0.8679338812828064,956,310,1365,705,,couch 5
116,chair,6,False,detect,0.5957806580945064,693,354,797,464,,chair 6
116,potted plant,7,True,detect,0.6166255831718445,144,232,221,313,,potted plant 7
117,couch,3,False,detect,0.8724221408367157,0,290,444,700,,couch 3
117,chair,4,False,detect,0.7704924881458283,613,356,686,463,,chair 4
117,couch,5,False,detect,0.868788230419159,957,310,1365,705,,couch 5
117,chair,6,False,detect,0.598577734671141,693,354,797,464,,chair 6
117,potted plant,7,False,detect,0.6141473412513733,144,232,221,313,,potted plant 7
118,couch,3,True,detect,0.8708763420581818,0,290,444,700,,couch 3
118,chair,4,True,detect,0.7975027024745941,613,356,687,463,,chair 4
118,couch,5,True,detect,0.8688726246356964,957,310,1365,706,,couch 5
118,chair,6,False,detect,0.6013748112477755,693,354,797,464,,chair 6
118,potted plant,7,True,detect,0.6130750596523284,144,232,221,313,,potted plant 7
119,couch,3,False,detect,0.8689521551132202,0,290,444,700,,couch 3
119,chair,4,False,detect,0.8521716892719269,613,356,687,463,,chair 4
119,couch,5,False,detect,0.8686510503292084,957,310,1365,706,,couch 5
119,chair,6,False,detect,0.6041718878244099,693,354,797,464,,chair 6
119,potted plant,7,False,detect,0.6129529476165771,144,232,220,313,,potted plant 7
120,couch,3,True,detect,0.8672023415565491,0,290,444,700,,couch 3
120,chair,4,True,detect,0.880805367231369,613,356,687,463,,chair 4
120,couch,5,True,detect,0.8690191030502319,957,310,1365,707,,couch 5
120,chair,6,False,detect,0.6069689644010443,693,354,798,464,,chair 6
120,potted plant,7,True,detect,0.6071249425411225,144,232,220,313,,potted plant 7
121,couch,3,False,detect,0.8648520767688751,0,290,444,700,,couch 3
121,chair,4,False,detect,0.8791185259819031,613,356,687,463,,chair 4
121,couch,5,False,detect,0.8696513533592224,957,310,1364,707,,couch 5
121,chair,6,False,detect,0.6097660409776788,693,354,798,464,,chair 6
121,potted plant,7,False,detect,0.602453637123108,144,232,220,313,,potted plant 7
122,couch,3,True,detect,0.8620366334915162,0,290,443,700,,couch 3
122,chair,4,True,detect,0.8731177031993866,613,356,687,463,,chair 4
122,couch,5,True,detect,0.8704221606254577,957,310,1364,707,,couch 5
122,chair,6,False,detect,0.6125631175543133,693,354,798,464,,chair 6
122,potted plant,7,True,detect,0.604189133644104,143,232,220,313,,potted plant 7
123,couch,3,False,detect,0.8595315337181091,0,290,443,700,,couch 3
123,chair,4,False,detect,0.8699859499931335,613,356,687,463,,chair 4
123,couch,5,False,detect,0.8714034080505371,957,310,1364,708,,couch 5
123,chair,6,False,detect,0.6153601941309477,693,354,798,464,,chair 6
123,potted plant,7,False,detect,0.6075247645378112,143,232,220,312,,potted plant 7
124,couch,3,True,detect,0.8570271313190461,0,290,443,700,,couch 3
124,chair,4,True,detect,0.869752037525177,613,356,687,463,,chair 4
124,couch,5,True,detect,0.8721311092376709,958,310,1364,708,,couch 5
124,chair,6,False,detect,0.6181572707075822,693,354,798,464,,chair 6
124,potted plant,7,True,detect,0.6129163205623627,143,232,220,312,,potted plant 7
125,couch,3,False,detect,0.8552371501922608,0,290,443,700,,couch 3
125,chair,4,False,detect,0.8691478490829467,613,356,687,463,,chair 4
125,couch,5,False,detect,0.8722484469413757,958,310,1364,708,,couch 5
125,chair,6,False,detect,0.6209543472842166,693,354,798,464,,chair 6
125,potted plant,7,False,detect,0.6241310238838196,143,232,219,313,,potted plant 7
126,couch,3,True,detect,0.8549364149570465,0,290,443,700,,couch 3
126,chair,4,True,detect,0.8724585950374604,613,356,687,463,,chair 4
126,couch,5,True,detect,0.8720808506011963,958,310,1364,708,,couch 5
126,chair,6,False,detect,0.623751423860851,693,354,798,464,,chair 6
126,potted plant,7,True,detect,0.6343062818050385,142,231,219,313,,potted plant 7
127,couch,3,False,detect,0.8561399936676025,0,290,443,701,,couch 3
127,chair,4,False,detect,0.8786981284618378,613,356,687,463,,chair 4
127,couch,5,False,detect,0.8712533414363861,958,310,1364,709,,couch 5
127,chair,6,False,detect,0.6265485004374856,693,354,798,464,,chair 6
127,potted plant,7,False,detect,0.6419041812419891,142,231,219,314,,potted plant 7
128,couch,3,True,detect,0.8580723643302918,0,290,443,701,,couch 3
128,chair,4,True,detect,0.8806833982467651,613,356,687,463,,chair 4
128,couch,5,True,detect,0.869694036245346,959,310,1364,709,,couch 5
128,chair,6,False,detect,0.6293455770141201,693,354,798,465,,chair 6
128,potted plant,7,True,detect,0.6517313897609711,142,231,219,314,,potted plant 7
129,couch,3,False,detect,0.8592641174793243,0,290,443,702,,couch 3
129,chair,4,False,detect,0.8793183922767639,613,356,687,463,,chair 4
129,couch,5,False,detect,0.867862981557846,959,310,1364,710,,couch 5
129,chair,6,False,detect,0.652106446655173,693,354,798,465,,chair 6
129,potted plant,7,False,detect,0.6614452123641967,142,231,219,314,,potted plant 7
130,couch,3,True,detect,0.8590015292167663,0,290,442,702,,couch 3
130,chair,4,True,detect,0.8778712272644043,613,356,687,463,,chair 4
130,couch,5,True,detect,0.8661169946193695,959,310,1364,710,,couch 5
130,chair,6,True,detect,0.6948311093606447,693,354,798,465,,chair 6
130,potted plant,7,True,detect,0.6672784268856049,141,231,218,314,,potted plant 7
131,couch,3,False,detect,0.8578016281127929,0,290,442,703,,couch 3
131,chair,4,False,detect,0.8765686213970184,613,356,687,463,,chair 4
131,couch,5,False,detect,0.8635335206985474,959,310,1364,711,,couch 5
131,chair,6,False,detect,0.7377188902152213,693,354,797,464,,chair 6
131,potted plant,7,False,detect,0.6680532097816467,141,231,218,314,,potted plant 7
132,couch,3,True,detect,0.855649346113205,0,290,442,703,,couch 3
132,chair,4,True,detect,0.8763967216014862,613,356,687,463,,chair 4
132,couch,5,True,detect,0.8604875385761261,959,311,1364,711,,couch 5
132,chair,6,True,detect,0.7807697892189026,693,354,798,464,,chair 6
132,potted plant,7,True,detect,0.6653074741363525,141,231,218,313,,potted plant 7
133,couch,3,False,detect,0.8527024984359741,0,290,442,704,,couch 3
133,chair,4,False,detect,0.876418948173523,613,356,687,463,,chair 4
133,couch,5,False,detect,0.8578476846218109,959,311,1364,711,,couch 5
133,chair,6,False,detect,0.8240901887416839,693,354,798,464,,chair 6
133,potted plant,7,False,detect,0.6617170751094819,141,231,218,313,,potted plant 7
134,couch,3,True,detect,0.8504304945468902,0,290,442,704,,couch 3
134,chair,4,True,detect,0.8757313132286072,613,356,687,463,,chair 4
134,couch,5,True,detect,0.8551539123058319,959,311,1364,712,,couch 5
134,chair,6,True,detect,0.8477162957191468,693,354,798,464,,chair 6
134,potted plant,7,True,detect,0.659624707698822,140,231,218,314,,potted plant 7
135,couch,3,False,detect,0.849712336063385,0,290,442,704,,couch 3
135,chair,4,False,detect,0.87526233792305,613,356,687,463,,chair 4
135,couch,5,False,detect,0.8523496270179749,959,311,1364,712,,couch 5
135,chair,6,False,detect,0.8513207852840423,693,354,799,464,,chair 6
135,potted plant,7,False,detect,0.6583842873573303,140,231,217,314,,potted plant 7
136,couch,3,True,detect,0.8500309944152832,0,290,442,704,,couch 3
136,chair,4,True,detect,0.874785304069519,613,356,687,463,,chair 4
136,couch,5,True,detect,0.8503573834896088,959,311,1364,712,,couch 5
136,chair,6,True,detect,0.8547043323516845,693,354,799,464,,chair 6
136,potted plant,7,True,detect,0.6591736376285553,140,231,217,314,,potted plant 7
137,couch,3,False,detect,0.8500494807958603,0,290,442,704,,couch 3
137,chair,4,False,detect,0.8738463670015335,613,356,687,463,,chair 4
137,couch,5,False,detect,0.8498097285628319,959,311,1364,712,,couch 5
137,chair,6,False,detect,0.8565311282873154,693,354,800,464,,chair 6
137,potted plant,7,False,detect,0.6610677614808083,140,231,217,315,,potted plant 7
138,couch,3,True,detect,0.8505074679851532,0,290,442,705,,couch 3
138,chair,4,True,detect,0.8733716905117035,613,356,687,463,,chair 4
138,couch,5,True,detect,0.8492337763309479,960,311,1364,712,,couch 5
138,chair,6,True,detect,0.8581942617893219,693,354,800,464,,chair 6
138,potted plant,7,True,detect,0.6626388430595398,139,231,217,315,,potted plant 7
