frame_idx,track_id,face_detected,face_conf,face_x1,face_y1,face_x2,face_y2,raw_gaze_detected,raw_inout,raw_x_gaze,raw_y_gaze,gaze_detected,inout,x_gaze,y_gaze,offscreen_direction,offscreen_yaw,offscreen_pitch
0,1,True,0.9998879432678223,478,290,638,472,True,0.6087353229522705,517,616,True,0.6364135344823202,519,614,,,
0,2,True,0.9996575117111206,691,124,887,374,True,0.9742048382759094,512,608,True,0.9765315055847168,509,603,,,
1,1,True,0.9998875856399536,478,290,639,472,True,0.6500421762466431,519,610,True,0.636224165558815,514,610,,,
1,2,True,0.9996880292892456,689,125,885,376,True,0.9784754514694214,506,597,True,0.9775904715061188,507,598,,,
2,1,True,0.9998886585235596,478,290,640,472,True,0.6504631042480469,517,613,True,0.6310585260391235,514,609,,,
2,2,True,0.9996628761291504,689,125,887,376,True,0.9769142270088196,503,593,True,0.9780820608139038,506,593,,,
3,1,True,0.9998862743377686,479,288,640,474,True,0.6356560587882996,508,601,True,0.6278839349746704,514,604,,,
3,2,True,0.9996362924575806,689,126,887,376,True,0.9807673692703247,498,583,True,0.9792053818702697,507,588,,,
4,1,True,0.9998971223831177,480,288,641,474,True,0.6103959679603577,511,599,True,0.6124912738800049,517,602,,,
4,2,True,0.9996539354324341,691,126,888,376,True,0.980048418045044,501,578,True,0.9792642712593078,505,585,,,
5,1,True,0.9998970031738281,480,286,642,474,True,0.5928623676300049,517,600,True,0.5989396333694458,521,599,,,
5,2,True,0.9996256828308105,692,124,889,375,True,0.9798214435577393,511,579,True,0.9797978639602661,510,583,,,
6,1,True,0.9998948574066162,480,287,642,474,True,0.5730788707733154,526,601,True,0.5943809390068054,526,600,,,
6,2,True,0.9996588230133057,692,126,890,377,True,0.9787698984146118,526,587,True,0.979769492149353,519,581,,,
7,1,True,0.9998910427093506,480,287,643,474,True,0.5827049016952515,536,601,True,0.5968740344047546,529,599,,,
7,2,True,0.9995507597923279,693,123,891,378,True,0.9795821905136108,530,590,True,0.9800381422042846,525,582,,,
8,1,True,0.9998992681503296,480,288,644,474,True,0.6128625869750977,535,598,True,0.6070534348487854,531,598,,,
8,2,True,0.9995160102844238,695,120,892,378,True,0.9806255102157593,531,586,True,0.9805729150772095,529,583,,,
9,1,True,0.9998965263366699,480,286,644,474,True,0.6228614449501038,536,591,True,0.6242642045021057,541,593,,,
9,2,True,0.9993083477020264,696,116,892,379,True,0.9813916683197021,532,575,True,0.980928361415863,528,583,,,
10,1,True,0.9999032020568848,481,285,644,475,True,0.6437593698501587,543,589,True,0.6244983434677124,542,591,,,
10,2,True,0.9994412064552307,697,118,893,379,True,0.9824953079223633,531,578,True,0.9809312939643859,529,582,,,
11,1,True,0.9999098777770996,481,284,645,475,True,0.659132719039917,549,590,True,0.6195897102355957,543,586,,,
11,2,True,0.9994623064994812,697,118,893,378,True,0.9805471301078796,535,584,True,0.9806744575500488,534,581,,,
12,1,True,0.9999102354049683,482,285,646,476,True,0.5838755965232849,543,588,True,0.6162799954414367,548,585,,,
12,2,True,0.999393105506897,697,118,895,378,True,0.9795968532562256,533,585,True,0.9803230404853821,540,584,,,
13,1,True,0.999910831451416,482,284,647,476,True,0.5883194208145142,552,578,True,0.6153932571411133,550,585,,,
13,2,True,0.9994482398033142,697,118,895,378,True,0.9793413281440735,548,579,True,0.979662024974823,541,584,,,
14,1,True,0.9999134540557861,484,284,648,476,True,0.6063128709793091,556,583,True,0.6072084546089173,556,585,,,
14,2,True,0.9991534948348999,699,114,895,380,True,0.9796345829963684,546,576,True,0.9787962913513184,543,582,,,
15,1,True,0.9999147653579712,484,284,648,476,True,0.6393256783485413,559,585,True,0.6275112628936768,561,587,,,
15,2,True,0.999409556388855,699,118,896,380,True,0.9791902303695679,540,578,True,0.9789936542510986,545,583,,,
16,1,True,0.9999135732650757,484,284,649,476,True,0.6182087063789368,571,590,True,0.641053068637848,568,589,,,
16,2,True,0.999388575553894,699,118,897,380,True,0.9762184619903564,549,582,True,0.9782569169998169,545,582,,,
17,1,True,0.9999091625213623,486,281,649,478,True,0.6853896379470825,577,589,True,0.6476199269294739,573,589,,,
17,2,True,0.9993256330490112,699,119,898,380,True,0.980583667755127,553,584,True,0.9770545244216919,551,581,,,
18,1,True,0.9999058246612549,486,281,649,478,True,0.6560284495353699,581,589,True,0.6413916826248169,575,588,,,
18,2,True,0.9993242025375366,700,118,898,382,True,0.9756576418876648,560,579,True,0.9758351087570191,552,578,,,
19,1,True,0.9999071359634399,487,280,650,478,True,0.639147162437439,578,578,True,0.6379357218742371,578,586,,,
19,2,True,0.9993728995323181,701,120,900,382,True,0.9736226201057434,557,575,True,0.9742604851722717,555,576,,,
20,1,True,0.9999027252197266,487,280,650,478,True,0.6081844568252563,569,579,True,0.6248770356178284,581,577,,,
20,2,True,0.9993239641189575,702,120,901,382,True,0.9730931520462036,546,576,True,0.9718122363090516,557,574,,,
21,1,True,0.9998990297317505,488,280,650,478,True,0.6009289026260376,582,571,True,0.6118230581283569,580,578,,,
21,2,True,0.9994144439697266,702,123,903,382,True,0.9683453440666199,559,569,True,0.9704407572746276,556,576,,,
22,1,True,0.9999008178710938,488,279,651,479,True,0.6200962066650391,587,570,True,0.5998666882514954,579,588,,,
22,2,True,0.9994524121284485,703,124,904,382,True,0.9683424234390259,569,566,True,0.9688027977943421,552,578,,,
23,1,True,0.999904990196228,488,280,652,479,True,0.5907585620880127,571,595,True,0.6031841039657593,580,594,,,
23,2,True,0.9992178678512573,704,121,906,383,True,0.9688002467155457,549,591,True,0.9688201427459717,551,591,,,
24,1,True,0.9999097585678101,489,281,652,479,True,0.5793653130531311,578,603,True,0.6013726711273193,576,605,,,
24,2,True,0.9993104934692383,705,122,905,383,True,0.9654328227043152,546,598,True,0.970461630821228,546,601,,,
25,1,True,0.9999070167541504,490,282,652,479,True,0.6247715353965759,575,616,True,0.5929012417793273,572,618,,,
25,2,True,0.999265730381012,705,120,906,382,True,0.9731798768043518,540,609,True,0.9720444917678833,543,611,,,
26,1,True,0.9999107122421265,490,281,652,479,True,0.5918717384338379,570,623,True,0.587938416004181,570,623,,,
26,2,True,0.9994008541107178,706,121,905,382,True,0.9765527844429016,542,614,True,0.9739783883094788,543,614,,,
27,1,True,0.9999085664749146,490,280,653,479,True,0.5777390599250793,580,626,True,0.5878661155700684,566,624,,,
27,2,True,0.9993434548377991,707,120,907,382,True,0.9762567281723022,556,615,True,0.9762953996658326,542,613,,,
28,1,True,0.9999059438705444,490,279,654,479,True,0.5659444332122803,567,631,True,0.5769546389579773,565,622,,,
28,2,True,0.9992730021476746,707,122,910,383,True,0.978469729423523,538,619,True,0.976482355594635,541,613,,,
29,1,True,0.9999121427536011,492,280,654,479,True,0.5790038108825684,558,618,True,0.5704611897468567,564,621,,,
29,2,True,0.9992029070854187,708,120,910,382,True,0.977017879486084,533,608,True,0.9760437726974487,541,610,,,
30,1,True,0.9999140501022339,492,280,655,479,True,0.5702141523361206,571,604,True,0.5667139291763306,563,617,,,
30,2,True,0.9994003772735596,709,122,911,383,True,0.9741146564483643,552,597,True,0.9755311965942383,540,607,,,
31,1,True,0.9999160766601562,492,280,655,479,True,0.5594044923782349,567,614,True,0.5693871259689331,567,612,,,
31,2,True,0.9993041753768921,709,120,910,383,True,0.9743598699569702,538,602,True,0.9746588468551636,543,602,,,
32,1,True,0.9999172687530518,491,282,658,483,True,0.5590027570724487,572,607,True,0.563812792301178,567,611,,,
32,2,True,0.9991875290870667,709,118,911,383,True,0.97369384765625,547,595,True,0.9732965230941772,544,600,,,
33,1,True,0.9999128580093384,491,280,658,483,True,0.579310417175293,566,605,True,0.5662316083908081,565,611,,,
33,2,True,0.9990941286087036,709,117,911,383,True,0.9741079807281494,539,595,True,0.97333322763443,538,600,,,
34,1,True,0.99991774559021,491,281,659,482,True,0.5511321425437927,559,612,True,0.5748349547386169,562,612,,,
34,2,True,0.9991382360458374,709,118,911,384,True,0.9702062606811523,536,600,True,0.9737226486206054,537,601,,,
35,1,True,0.9999110698699951,491,280,659,483,True,0.5823082327842712,560,616,True,0.5859222054481507,557,615,,,
35,2,True,0.9992582201957703,709,119,911,384,True,0.9742981791496277,533,603,True,0.9744817614555359,533,603,,,
36,1,True,0.9999105930328369,491,280,660,483,True,0.602421224117279,551,618,True,0.5949823975563049,550,617,,,
36,2,True,0.9992198944091797,709,119,911,385,True,0.9763069748878479,527,604,True,0.9751845955848694,527,604,,,
37,1,True,0.9999169111251831,492,280,660,483,True,0.6144390106201172,548,615,True,0.6119565963745117,549,618,,,
37,2,True,0.9990851879119873,709,118,913,385,True,0.9774894118309021,527,603,True,0.9768623352050781,527,603,,,
38,1,True,0.9999220371246338,491,280,660,483,True,0.6246113777160645,546,618,True,0.6250556111335754,548,617,,,
38,2,True,0.9990562796592712,709,118,914,385,True,0.9776221513748169,525,604,True,0.9779092073440552,527,603,,,
39,1,True,0.9999204874038696,491,280,660,483,True,0.6360031366348267,547,618,True,0.6366320729255677,548,616,,,
39,2,True,0.9991063475608826,709,120,915,385,True,0.978594958782196,526,605,True,0.9787743806838989,527,603,,,
40,1,True,0.9999229907989502,491,281,660,483,True,0.6478033065795898,547,617,True,0.6437248826026917,549,618,,,
40,2,True,0.999104917049408,709,120,917,385,True,0.9795325398445129,526,604,True,0.9791551947593689,531,604,,,
41,1,True,0.9999228715896606,492,281,661,483,True,0.66030353307724,550,615,True,0.6472626566886902,550,618,,,
41,2,True,0.9990113973617554,710,120,919,385,True,0.9806328415870667,541,602,True,0.9793487787246704,534,604,,,
42,1,True,0.9999216794967651,491,280,661,483,True,0.6499030590057373,555,619,True,0.652685797214508,550,619,,,
42,2,True,0.9991365075111389,709,120,919,384,True,0.979393482208252,540,605,True,0.9797021269798278,535,604,,,
43,1,True,0.999922513961792,491,280,661,484,True,0.6423002481460571,552,620,True,0.6561352372169494,551,620,,,
43,2,True,0.9990424513816833,710,118,919,384,True,0.9785900712013245,535,606,True,0.9801501631736755,537,606,,,
44,1,True,0.9999223947525024,492,280,662,484,True,0.663118839263916,550,621,True,0.657254946231842,551,620,,,
44,2,True,0.9988862872123718,713,114,919,384,True,0.9803617000579834,536,612,True,0.9806357502937317,539,608,,,
45,1,True,0.9999234676361084,492,280,662,483,True,0.6650505065917969,552,620,True,0.6582306623458862,551,618,,,
45,2,True,0.9987152814865112,713,117,919,376,True,0.9817727208137512,541,610,True,0.9812089323997497,536,608,,,
46,1,True,0.9999219179153442,492,279,662,483,True,0.6659020781517029,550,616,True,0.6583042502403259,547,617,,,
46,2,True,0.9986489415168762,714,118,920,376,True,0.9830607771873474,538,606,True,0.9821006298065186,537,608,,,
47,1,True,0.9999258518218994,492,280,662,483,True,0.6547816395759583,545,614,True,0.653168511390686,546,616,,,
47,2,True,0.9988137483596802,715,118,921,383,True,0.9822593927383423,533,604,True,0.982758629322052,533,604,,,
48,1,True,0.9999251365661621,491,279,662,484,True,0.6426681876182556,543,615,True,0.6463379502296448,543,614,,,
48,2,True,0.9988895058631897,715,113,921,384,True,0.9830485582351685,529,603,True,0.9832073211669922,531,603,,,
49,1,True,0.9999217987060547,492,280,662,484,True,0.6374401450157166,539,613,True,0.6359730005264282,542,613,,,
49,2,True,0.9990424513816833,715,115,921,384,True,0.9836516976356506,524,599,True,0.983196473121643,527,600,,,
50,1,True,0.9999189376831055,492,279,662,484,True,0.6308977007865906,535,608,True,0.6269962787628174,542,613,,,
50,2,True,0.9988088607788086,715,120,921,378,True,0.9840161800384521,527,593,True,0.9834492564201355,529,599,,,
51,1,True,0.999921441078186,492,278,663,484,True,0.6140773296356201,541,611,True,0.6194907307624817,542,613,,,
51,2,True,0.9984785914421082,715,118,924,378,True,0.9830065369606018,532,596,True,0.9831562042236328,532,598,,,
52,1,True,0.9999152421951294,492,279,664,484,True,0.609898030757904,544,615,True,0.613182806968689,543,612,,,
52,2,True,0.9986334443092346,715,118,923,378,True,0.9835233092308044,534,598,True,0.9828237414360046,536,597,,,
53,1,True,0.9999172687530518,492,278,664,484,True,0.6051404476165771,548,614,True,0.6113509178161621,545,611,,,
53,2,True,0.9982970356941223,716,118,925,378,True,0.981583297252655,540,598,True,0.9823651313781738,540,597,,,
54,1,True,0.9999170303344727,492,278,664,484,True,0.6059005260467529,548,611,True,0.6244472861289978,550,611,,,
54,2,True,0.9984499216079712,718,121,927,382,True,0.9819893836975098,543,597,True,0.9824532866477966,549,596,,,
55,1,True,0.9999165534973145,492,277,665,484,True,0.6217382550239563,553,603,True,0.6278481006622314,549,607,,,
55,2,True,0.9982345104217529,717,118,926,378,True,0.9817231297492981,555,592,True,0.9816862940788269,555,592,,,
56,1,True,0.9999204874038696,492,277,666,484,True,0.6795591711997986,558,607,True,0.6246680974960327,549,605,,,
56,2,True,0.9984385371208191,717,118,927,376,True,0.9834473133087158,567,594,True,0.9810746312141418,556,591,,,
57,1,True,0.9999197721481323,492,278,666,484,True,0.6269021034240723,547,597,True,0.61827073097229,550,601,,,
57,2,True,0.998309850692749,717,117,928,376,True,0.9796883463859558,554,585,True,0.9801469445228577,559,589,,,
58,1,True,0.9999178647994995,493,278,666,484,True,0.5892404317855835,545,597,True,0.6062969923019409,552,592,,,
58,2,True,0.9983834028244019,717,118,928,376,True,0.9785249829292297,557,586,True,0.9787636756896972,561,586,,,
59,1,True,0.999921441078186,493,276,667,484,True,0.5739136934280396,554,583,True,0.5767351508140564,554,583,,,
59,2,True,0.9985407590866089,718,118,929,376,True,0.9773509502410889,569,579,True,0.9770473718643189,564,581,,,
60,1,True,0.9999229907989502,494,276,668,484,True,0.5618695616722107,561,571,True,0.5515323638916015,558,576,,,
60,2,True,0.998389482498169,719,114,932,386,True,0.9748067855834961,570,575,True,0.9757696986198425,566,579,,,
61,1,True,0.999920129776001,493,274,669,484,True,0.531749963760376,567,560,True,0.5413496851921081,563,569,,,
61,2,True,0.99869304895401,720,118,931,386,True,0.9748657941818237,576,567,True,0.9757250547409058,571,572,,,
62,1,True,0.9999254941940308,492,273,670,486,True,0.5008881688117981,566,561,True,0.5391833782196045,564,567,,,
62,2,True,0.9983905553817749,720,119,935,384,True,0.9732999801635742,580,571,True,0.975829803943634,574,570,,,
63,1,True,0.9999322891235352,492,273,670,486,True,0.5383270382881165,565,558,True,0.5430364012718201,571,564,,,
63,2,True,0.9989123344421387,721,121,934,384,True,0.9783017635345459,573,557,True,0.9769423723220825,577,570,,,
64,1,True,0.9999293088912964,492,272,671,486,True,0.5630821585655212,570,574,True,0.547118067741394,575,567,,,
64,2,True,0.9984620809555054,722,117,935,388,True,0.9778746962547302,579,575,True,0.9780049681663513,579,572,,,
65,1,True,0.9999220371246338,491,270,672,486,True,0.5811346769332886,580,570,True,0.5628833174705505,579,570,,,
65,2,True,0.9984238147735596,722,119,936,385,True,0.9803696274757385,585,574,True,0.9783331036567688,584,572,,,
66,1,True,0.9999215602874756,492,270,672,486,True,0.5521582961082458,580,571,True,0.5769585609436035,585,577,,,
66,2,True,0.9984256029129028,723,117,937,389,True,0.9801787734031677,586,577,True,0.9779690027236938,584,579,,,
67,1,True,0.9999197721481323,493,268,672,484,True,0.5797144174575806,591,587,True,0.5870210886001587,588,579,,,
67,2,True,0.9985203146934509,723,118,937,388,True,0.9749406576156616,587,587,True,0.9781631588935852,587,579,,,
68,1,True,0.9999198913574219,494,267,674,481,True,0.6087032556533813,590,588,True,0.5878947973251343,594,587,,,
68,2,True,0.9982060194015503,724,116,937,388,True,0.9764812588691711,583,591,True,0.9778424620628356,589,586,,,
69,1,True,0.9999179840087891,492,266,674,478,True,0.6133947968482971,601,579,True,0.5961761236190796,604,597,,,
69,2,True,0.9986364245414734,725,120,937,383,True,0.978845477104187,600,580,True,0.9770681023597717,593,594,,,
70,1,True,0.9999263286590576,493,266,675,478,True,0.5855032205581665,608,602,True,0.5906113743782043,605,600,,,
70,2,True,0.998641312122345,725,120,937,383,True,0.978766143321991,599,598,True,0.9772634267807007,592,595,,,
71,1,True,0.9999188184738159,492,264,675,478,True,0.5935649275779724,622,609,True,0.5789611577987671,607,606,,,
71,2,True,0.9987698197364807,726,122,936,383,True,0.9763069748878479,606,604,True,0.9769756197929382,591,600,,,
72,1,True,0.9999171495437622,493,263,676,478,True,0.5518906712532043,600,609,True,0.5659195303916931,606,615,,,
72,2,True,0.9984347224235535,727,118,937,383,True,0.9759172797203064,590,590,True,0.976120901107788,590,607,,,
73,1,True,0.9999229907989502,494,262,676,478,True,0.5504521727561951,602,627,True,0.5610671401023865,604,620,,,
73,2,True,0.9988490343093872,727,122,937,383,True,0.9750422239303589,569,618,True,0.9745940208435059,580,611,,,
74,1,True,0.9999200105667114,493,262,677,478,True,0.5481866598129272,599,625,True,0.5570868253707886,595,631,,,
74,2,True,0.9986118078231812,727,120,938,382,True,0.9745718836784363,572,618,True,0.9727588534355164,571,620,,,
75,1,True,0.9999175071716309,493,263,677,479,True,0.5612412691116333,589,635,True,0.5677045226097107,595,641,,,
75,2,True,0.9979158043861389,724,114,938,380,True,0.9711317420005798,558,619,True,0.9705744862556458,566,631,,,
76,1,True,0.9999197721481323,493,263,677,479,True,0.5736633539199829,604,647,True,0.5785681486129761,593,649,,,
76,2,True,0.9975607395172119,723,112,937,381,True,0.9671311378479004,570,639,True,0.9685322999954223,566,641,,,
77,1,True,0.9999170303344727,494,264,677,479,True,0.6049791574478149,600,653,True,0.5815483808517456,598,660,,,
77,2,True,0.996593177318573,722,110,936,382,True,0.9649954438209534,573,645,True,0.966111421585083,560,647,,,
78,1,True,0.999910831451416,493,264,677,479,True,0.604770302772522,598,671,True,0.5857346653938293,595,669,,,
78,2,True,0.9965566396713257,725,111,941,387,True,0.9648312926292419,560,665,True,0.9652968406677246,562,655,,,
79,1,True,0.9999140501022339,492,265,677,479,True,0.5630878210067749,616,682,True,0.5825685977935791,596,674,,,
79,2,True,0.9963279366493225,727,112,940,388,True,0.9624674916267395,557,661,True,0.9648780465126038,566,660,,,
80,1,True,0.9999212026596069,493,266,677,480,True,0.582172691822052,581,684,True,0.5728617072105407,591,681,,,
80,2,True,0.9964338541030884,726,109,941,387,True,0.9670588374137878,562,664,True,0.9655225157737732,563,668,,,
81,1,True,0.9999207258224487,493,266,677,480,True,0.5578330159187317,600,685,True,0.5616230607032776,585,686,,,
81,2,True,0.9959515333175659,727,110,939,388,True,0.9650371670722961,582,668,True,0.9658627390861512,563,670,,,
82,1,True,0.9999212026596069,495,264,678,482,True,0.5564447045326233,571,688,True,0.5530968427658081,579,687,,,
82,2,True,0.9966392517089844,725,112,938,381,True,0.9682177901268005,562,675,True,0.9656121969223023,563,672,,,
83,1,True,0.9999209642410278,496,265,678,482,True,0.548577070236206,567,686,True,0.5382445454597473,576,688,,,
83,2,True,0.9966387748718262,727,113,940,386,True,0.9665324091911316,557,673,True,0.9652796387672424,557,674,,,
84,1,True,0.999920129776001,492,266,678,482,True,0.5204567313194275,570,689,True,0.5259447395801544,563,688,,,
84,2,True,0.9963680505752563,727,112,939,380,True,0.9612147808074951,553,674,True,0.9653017401695252,554,675,,,
85,1,True,0.9999239444732666,495,265,678,483,True,0.507911205291748,560,691,True,0.519150584936142,560,690,,,
85,2,True,0.9968885779380798,727,112,939,379,True,0.9653960466384888,550,679,True,0.9653038620948792,552,676,,,
86,1,True,0.9999229907989502,495,266,678,483,True,0.4963339865207672,555,691,True,0.5201756894588471,556,691,,,
86,2,True,0.9972538352012634,727,113,941,378,True,0.9651476740837097,543,675,True,0.9663821816444397,546,675,,,
87,1,True,0.9999258518218994,496,268,678,484,True,0.522473931312561,546,691,True,0.527318674325943,547,689,,,
87,2,True,0.9975630044937134,727,112,940,379,True,0.9682283997535706,542,675,True,0.9687072515487671,543,673,,,
88,1,True,0.9999207258224487,496,268,678,485,True,0.5537025928497314,545,690,True,0.5377138555049896,545,689,,,
88,2,True,0.9974960684776306,728,113,939,377,True,0.9719240069389343,536,669,True,0.9709620714187622,538,669,,,
89,1,True,0.9999182224273682,497,270,678,486,True,0.5561716556549072,542,688,True,0.5518909931182862,544,688,,,
89,2,True,0.9977732300758362,727,114,939,377,True,0.9728401303291321,531,667,True,0.9735774159431457,538,664,,,
90,1,True,0.9999208450317383,496,271,679,488,True,0.5598871111869812,544,686,True,0.5661048531532288,545,687,,,
90,2,True,0.9978244304656982,728,114,940,379,True,0.9766701459884644,539,660,True,0.9757965326309204,540,660,,,
91,1,True,0.9999220371246338,496,274,679,488,True,0.5672196745872498,543,684,True,0.5824154853820801,545,686,,,
91,2,True,0.9972102046012878,729,116,942,378,True,0.9782243967056274,545,651,True,0.9765291452407837,540,659,,,
92,1,True,0.9999107122421265,496,274,680,489,True,0.5935432314872742,544,684,True,0.5910513758659363,539,687,,,
92,2,True,0.9965434670448303,731,112,947,388,True,0.9793239831924438,543,654,True,0.9763795256614685,539,658,,,
93,1,True,0.9999086856842041,497,275,680,490,True,0.635255753993988,544,687,True,0.5974454879760742,532,688,,,
93,2,True,0.9971460700035095,729,115,949,388,True,0.9755870699882507,544,661,True,0.9754659056663513,529,663,,,
94,1,True,0.9999114274978638,498,276,680,490,True,0.5993511080741882,522,690,True,0.6017704010009766,527,688,,,
94,2,True,0.9966846108436584,731,111,947,388,True,0.9720920324325562,514,670,True,0.9745933413505554,521,669,,,
95,1,True,0.9999021291732788,497,276,680,492,True,0.5918576717376709,519,691,True,0.6001911520957947,522,688,,,
95,2,True,0.9970364570617676,731,114,947,389,True,0.9721020460128784,506,678,True,0.9738405823707581,514,672,,,
96,1,True,0.9999022483825684,496,276,680,492,True,0.5888442397117615,518,689,True,0.5900894045829773,518,689,,,
96,2,True,0.9960721731185913,731,111,948,390,True,0.973861575126648,509,670,True,0.9737229943275452,510,673,,,
97,1,True,0.999894380569458,496,276,681,493,True,0.5856469869613647,516,686,True,0.5853671908378602,515,687,,,
97,2,True,0.9954948425292969,731,113,947,387,True,0.975560188293457,509,670,True,0.9732961416244507,512,672,,,
98,1,True,0.9998987913131714,497,278,681,494,True,0.5847470164299011,513,686,True,0.5824530839920044,512,687,,,
98,2,True,0.9957783222198486,731,113,948,387,True,0.9749991297721863,510,670,True,0.9721683621406555,509,670,,,
99,1,True,0.9999017715454102,496,278,681,494,True,0.5757400393486023,509,688,True,0.5825255155563355,508,686,,,
99,2,True,0.9957466721534729,728,103,953,382,True,0.9699577689170837,508,672,True,0.9707408666610717,506,671,,,
100,1,True,0.9999010562896729,496,278,681,495,True,0.5772871375083923,505,685,True,0.5852603316307068,506,685,,,
100,2,True,0.9951615929603577,733,110,950,389,True,0.9664631485939026,499,671,True,0.9691219329833984,503,671,,,
101,1,True,0.999904990196228,496,278,681,496,True,0.5892063975334167,504,685,True,0.5870712161064148,504,686,,,
101,2,True,0.9952404499053955,725,106,958,385,True,0.9667240977287292,498,673,True,0.9673558235168457,503,673,,,
102,1,True,0.9999101161956787,497,281,681,496,True,0.5993210673332214,498,686,True,0.5896750330924988,504,687,,,
102,2,True,0.9956673383712769,736,116,945,379,True,0.9674655199050903,499,670,True,0.966492748260498,503,673,,,
103,1,True,0.9999097585678101,496,282,682,496,True,0.5938014388084412,504,690,True,0.5918146014213562,503,688,,,
103,2,True,0.9953463673591614,734,118,957,386,True,0.9661685824394226,505,675,True,0.9666809201240539,504,674,,,
104,1,True,0.9999085664749146,496,283,682,496,True,0.5887591242790222,506,690,True,0.5923110127449036,503,688,,,
104,2,True,0.9955049157142639,735,112,953,386,True,0.9656423926353455,511,674,True,0.9666092872619629,506,675,,,
105,1,True,0.9999115467071533,500,286,685,493,True,0.5879849791526794,502,688,True,0.5905481934547424,502,689,,,
105,2,True,0.9961458444595337,735,112,954,386,True,0.9674040079116821,505,673,True,0.9664692640304565,500,675,,,
106,1,True,0.9999109506607056,500,286,685,494,True,0.5916884541511536,498,690,True,0.5882666826248169,500,688,,,
106,2,True,0.9964838027954102,736,110,955,386,True,0.9663659334182739,495,676,True,0.9668685793876648,497,673,,,
107,1,True,0.9999147653579712,500,286,685,494,True,0.5905069708824158,498,686,True,0.5869704365730286,499,686,,,
107,2,True,0.996620774269104,736,108,953,387,True,0.9667654037475586,492,667,True,0.9676366567611694,492,667,,,
108,1,True,0.9999086856842041,500,286,686,495,True,0.5823938846588135,495,684,True,0.5856582522392273,498,685,,,
108,2,True,0.9970083832740784,737,108,955,387,True,0.9681651592254639,491,661,True,0.9680369138717652,491,665,,,
109,1,True,0.9999097585678101,501,286,686,495,True,0.5822778940200806,499,685,True,0.585339629650116,496,684,,,
109,2,True,0.9971621632575989,738,109,955,388,True,0.9694827795028687,493,664,True,0.9693779110908508,489,659,,,
110,1,True,0.9999090433120728,500,288,686,496,True,0.5814240574836731,496,685,True,0.5819736957550049,495,683,,,
110,2,True,0.9970906972885132,738,110,957,389,True,0.9694052934646606,489,659,True,0.969949209690094,488,654,,,
111,1,True,0.9999041557312012,501,286,686,498,True,0.5900953412055969,492,683,True,0.5821499943733215,493,682,,,
111,2,True,0.9973527193069458,739,110,958,390,True,0.9730709195137024,492,643,True,0.970934534072876,491,647,,,
112,1,True,0.9998992681503296,500,285,687,498,True,0.5736773014068604,488,678,True,0.5843522429466248,487,678,,,
112,2,True,0.9972071051597595,739,110,956,389,True,0.9696218967437744,486,630,True,0.9719396710395813,493,642,,,
113,1,True,0.9998905658721924,500,286,686,498,True,0.5832753777503967,484,667,True,0.5893613815307617,484,672,,,
113,2,True,0.9976623058319092,739,110,958,389,True,0.9730917811393738,498,630,True,0.9730084061622619,497,632,,,
114,1,True,0.999891996383667,499,286,686,500,True,0.5932891368865967,482,671,True,0.5947624325752259,486,661,,,
114,2,True,0.9979261159896851,739,108,957,389,True,0.9745084643363953,497,634,True,0.9729493498802185,505,623,,,
115,1,True,0.99989914894104,499,288,686,498,True,0.6064697504043579,478,635,True,0.6005837082862854,492,653,,,
115,2,True,0.9984164237976074,739,106,959,390,True,0.974748969078064,509,610,True,0.9726972103118896,515,621,,,
116,1,True,0.9998884201049805,500,288,687,498,True,0.6171005964279175,516,619,True,0.5980445265769958,503,634,,,
116,2,True,0.9979941844940186,739,109,957,390,True,0.9727756381034851,546,599,True,0.9707722663879395,524,614,,,
117,1,True,0.9998822212219238,498,288,684,497,True,0.6027836799621582,508,651,True,0.5828293800354004,518,606,,,
117,2,True,0.9980199337005615,740,108,957,389,True,0.9683611989021301,528,613,True,0.9662791132926941,536,603,,,
118,1,True,0.9998811483383179,500,288,687,496,True,0.570579469203949,542,574,True,0.5495246767997741,537,595,,,
118,2,True,0.9978874325752258,740,107,958,388,True,0.9634670615196228,541,585,True,0.9571718454360962,549,597,,,
119,1,True,0.9998893737792969,502,288,687,494,True,0.5172134041786194,560,522,True,0.5123050153255463,558,560,,,
119,2,True,0.9975918531417847,741,112,958,389,True,0.9520426988601685,566,571,True,0.9497225165367127,556,584,,,
120,1,True,0.9998818635940552,503,288,689,492,True,0.4399462342262268,601,526,True,0.4758779466152191,583,521,front,,
120,2,True,0.9979815483093262,741,110,960,388,True,0.9292126297950745,573,572,True,0.9420541405677796,570,565,,,
121,1,True,0.9998703002929688,505,286,690,491,True,0.43100228905677795,608,518,True,0.45242483019828794,598,520,front,,
121,2,True,0.9982271790504456,740,108,960,389,True,0.9355289936065674,608,517,True,0.9352301597595215,583,560,,,
122,1,True,0.9998656511306763,505,286,691,490,True,0.42064833641052246,586,502,True,0.434330952167511,609,523,front,,
122,2,True,0.9980913996696472,741,108,961,388,True,0.9300193190574646,595,503,True,0.9291412353515625,592,561,,,
123,1,True,0.9998880624771118,505,287,691,492,True,0.4533138871192932,635,539,True,0.4333656966686249,612,524,front,,
123,2,True,0.9982771873474121,741,109,964,390,True,0.9293471574783325,606,566,True,0.9283748984336853,594,562,,,
124,1,True,0.9998869895935059,506,285,692,497,True,0.4267440140247345,611,577,True,0.43461941480636596,618,525,front,,
124,2,True,0.9983699917793274,742,108,965,390,True,0.9215980768203735,597,578,True,0.9259570121765137,596,564,,,
125,1,True,0.9998742341995239,506,284,693,498,True,0.43511995673179626,617,527,True,0.4370713889598846,625,532,front,,
125,2,True,0.998571515083313,743,108,967,392,True,0.9253809452056885,600,565,True,0.9285184383392334,597,566,,,
126,1,True,0.9998663663864136,505,282,693,505,True,0.4372708797454834,621,519,True,0.44129193425178526,618,532,front,,
126,2,True,0.9979148507118225,743,112,968,391,True,0.9234395623207092,596,559,True,0.9325209259986877,599,566,,,
127,1,True,0.9998517036437988,507,282,695,498,True,0.43290820717811584,614,525,True,0.4582647442817688,613,533,front,,
127,2,True,0.9977582693099976,744,113,968,391,True,0.9428264498710632,625,527,True,0.9385953903198242,594,570,,,
128,1,True,0.9998639822006226,508,282,696,498,True,0.4744166135787964,609,540,True,0.4783811628818512,598,560,front,,
128,2,True,0.997753918170929,744,113,968,391,True,0.9493595957756042,595,576,True,0.945306921005249,583,581,,,
129,1,True,0.9998676776885986,508,282,695,508,True,0.5116080641746521,595,569,True,0.5015194833278656,593,577,,,
129,2,True,0.9982461929321289,744,112,970,393,True,0.9519703984260559,593,585,True,0.952456533908844,580,591,,,
130,1,True,0.9998641014099121,508,282,696,507,True,0.5357020497322083,579,597,True,0.5186128258705139,590,598,,,
130,2,True,0.9983527660369873,744,110,971,392,True,0.9589385986328125,558,603,True,0.9552032947540283,570,606,,,
131,1,True,0.9998733997344971,507,281,697,504,True,0.5529624819755554,602,596,True,0.5278298258781433,585,614,,,
131,2,True,0.9984525442123413,745,111,970,393,True,0.9591876268386841,578,603,True,0.9584555268287659,563,616,,,
132,1,True,0.9998775720596313,508,281,697,504,True,0.5183749198913574,581,625,True,0.5299426913261414,583,622,,,
132,2,True,0.9983323216438293,745,112,970,393,True,0.9565602540969849,560,624,True,0.961195421218872,562,622,,,
133,1,True,0.9998773336410522,508,281,697,504,True,0.5205016136169434,574,636,True,0.5339958906173706,584,630,,,
133,2,True,0.9981746673583984,745,113,970,393,True,0.965620756149292,559,628,True,0.9627233743667603,564,626,,,
134,1,True,0.9998791217803955,508,281,697,504,True,0.5221723914146423,575,636,True,0.5355604529380799,580,640,,,
134,2,True,0.9984390139579773,745,112,971,393,True,0.9656698703765869,560,622,True,0.9645008087158203,559,630,,,
135,1,True,0.9998775720596313,508,281,697,504,True,0.5559680461883545,587,643,True,0.5407393574714661,579,644,,,
135,2,True,0.9983512163162231,745,112,971,393,True,0.9665783643722534,569,629,True,0.9655550837516784,558,632,,,
136,1,True,0.9998797178268433,508,281,698,504,True,0.5607852935791016,576,647,True,0.5426727771759033,580,648,,,
136,2,True,0.9984068274497986,748,112,979,398,True,0.9680747985839844,550,636,True,0.9648598313331604,557,635,,,
137,1,True,0.9998748302459717,508,280,698,504,True,0.5442694425582886,576,653,True,0.548657751083374,582,653,,,
137,2,True,0.9982995390892029,745,105,981,396,True,0.9618316292762756,548,639,True,0.9641365289688111,560,640,,,
138,1,True,0.9998742341995239,508,281,698,504,True,0.5301687121391296,583,660,True,0.5527603149414062,584,654,,,
138,2,True,0.998573899269104,748,112,979,400,True,0.9621444940567017,558,645,True,0.9641116499900818,560,640,,,
139,1,True,0.9998779296875,508,281,699,504,True,0.5520972609519958,593,656,True,0.5507540702819824,588,655,,,
139,2,True,0.9987009763717651,745,104,983,398,True,0.9620533585548401,571,643,True,0.9631208628416061,564,643,,,
140,1,True,0.9998794794082642,508,281,699,504,True,0.5764808654785156,599,655,True,0.552915612856547,592,656,,,
140,2,True,0.9986051917076111,745,105,983,397,True,0.9664539694786072,569,641,True,0.9635506073633829,568,644,,,
